Titre,Album,Année,Durée,Paroles,Compositeur,Auteur
Libertine,Cendres De Lune,1986,"3,46","Cendre de lune, petite bulle d'écume
Poussée par le vent je brûle et je m'enrhume
Entre mes dunes, reposent mes infortunes
C'est nue que j'apprends la vertu

Je je, suis libertine
Je suis une catin
Je je, suis si fragile
Qu'on me tienne la main

Fendre la lune, baisers d'épine et de plume
Bercée par un petit vent je déambule
La vie est triste comme un verre de grenadine
Aimer c'est pleurer quand on s'incline

Je je, suis libertine
Je suis une catin
Je je, suis si fragile
Qu'on me tienne la main

Quand sur ton corps, je m'endors
Je m'évapore, bébé tu dors et moi j'attends l'aurore
Quand de mes lèvres tu t'enlèves, un goût amer
Me rappelle que je suis au ciel

Cendre de lune, petite bulle d'écume
Perdue dans le vent je brûle et je m'enrhume
Mon corps a peur, la peau mouillée j'ai plus d'âme
Papa, ils ont violé mon cœur

Je je, suis libertine
Je suis une catin
Je je, suis si fragile
Qu'on me tienne la main...",Jean-Claude Dequéant,Laurent Boutonnat
Au bout de la nuit,Cendres De Lune,1986,"4,21","Beau
C'est si beau !
Ton corps
Glissant sur ma peau

Chaud
Que c'est chaud !
Ta bouche
Soufflant sur mes mots

Long
Oh, c'est long !
Le temps
Du dernier frisson

Froid
Qu'il est froid
Ce silence
Qui grelotte en moi

Au bout de la nuit
Sans vie, j'm'enfuis
Au bout de l'envie
Tout meurt sans cri

Chut !
Tout est vide
Tout est ride
Suicide

J't'aime
Oh, je t'aime
Sans toi
Il me reste quoi ?

Au bout de la nuit
Sans vie, j'm'enfuis
Au bout de l'envie
Tout meurt sans cri

J't'aime...",Laurent Boutonnat,Mylène
Vieux bouc,Cendres De Lune,1986,"5,37","Vieux bouc, je vous sens fébrile
Aimez-vous mon petit nombril ?
J'entends hurler dans le vent
Est-ce le cri d'un chien, d'un enfant ?

Vieux bouc, êtes-vous fragile
Aimez-vous mes cloches matines ?
L'hymen sera mon présent
Maintenant, j'ai l'enfer dans le sang

Ma petite âme est sale
Prends-la nue dans tes bras
Et je m'en irai loin, si loin, si loin
Loin de toi, vieux malin

Ma petite âme a mal
Prends-moi nue dans tes bras
Et on s'en ira loin, si loin, si loin
... vieux malin

Vieux bouc, c'est l'heure du baptème
Je vous aime devant l'éternel
Je sais, l'enfer c'est les autres
En ce monde, on est tous des vôtres

Ma p'tite âme est sale
Prends-la nue dans tes bras
Et je m'en irai loin, si loin, si loin
Loin de toi, vieux malin

Ma p'tite âme a mal
Prends-moi nue dans tes bras
Et on s'en ira loin, si loin, si loin
... vieux bouc... ",Laurent Boutonnat,Laurent Boutonnat
Tristana,Cendres De Lune,1986,"4,34","Triste elle est prête à tout
Pour rien, pour tout
Dans la ronde des fous elle pleure tout doux
L'amour a tué les mots qui la touchent, touchent
Contre ta bouche elle veut qu'on la couche

Triste elle fait la grimace,
Devant sa glace
D'un coup du cœur enlace l'ombre qui passe
Et rien jamais n'effacera les traces, lâches
Du sang qui coule des corps qui se cassent

Adieu Tristana
Ton cœur a pris froid
Adieu Tristana
Dieu baisse les bras
Laissez-la partir
Laissez-la mourir
Ne le dites pas
Tristana, c'est moi !

Triste sort Tristana
Tu sais, crois-moi
Trois petits tours, elle s'en va
La vie comme ça
Les plus beaux jours s'achèvent dans la peine, haine
Pourquoi faut-il payer de ses veines

Adieu Tristana
Ton cœur a pris froid
Adieu Tristana
Dieu baisse les bras
Laissez-la partir
Laissez-la mourir
Ne le dites pas
Tristana, c'est moi !",Laurent Boutonnat,Mylène
Chloé,Cendres De Lune,1986,"2,34","Eh, oh, ce matin
Y a Chloé qui s'est noyée
Dans l'eau du ruisseau
J'ai vu ses cheveux flotter
Là-bas sous les chênes
On aurait dit une fontaine
Quand Chloé a crié
Quand sa p'tite tête a cogné

La la la la la...

Chloé a coulé
C'est sûr qu'elle avait pas pied
Chloé ma moitié
Ce matin s'en est allée
Ton coeur petite soeur
Va sans doute devenir fleur
Sous les saules qui pleurent
L'eau est de toutes les couleurs

La la la la la...

Chloé si je pleure
Tu sais ça compte pour du beurre
Ton rire me fait peur
Est-ce que tu joues ou tu meurs ?
Adieu petite fée
Pendant longtemps j'ai appelé
Adieu à Chloé
Le courant l'a emportée

La la la la la...

Eh oh, ce matin
Y a Chloé qui s'est noyée
Dans l'eau du ruisseau
J'ai vu ses cheveux flotter
Là-bas sous les chênes
On aurait dit une fontaine
Quand Chloé a crié
Quand sa p'tite tête a cogné

La la la la la...

Chloé, pourquoi t'es partie
Chloé, Chloé...",Laurent Boutonnat,Mylène
Maman a tort ,Cendres De Lune,1986,"4,04","Un maman a tort
Deux c'est beau l'amour
Trois l'infirmière pleure
Quatre je l'aime
Cinq il est d'mon droit
Six de tout toucher
Sept j'm'arrête pas là
Huit j'm'amuse

Un quoiqu'maman dise
Deux elle m'oubliera
Trois les yeux mouillés
Quatre j'ai mal
Cinq je dis c'que j'veux
Six j'suis malheureuse
Sept j'pense pas souvent
Huit et vous ?

J'aime ce qu'on m'interdit
Les plaisirs impolis
J'aime quand elle me sourit
J'aime l'infirmière maman

Un j'suis très sereine
Deux et j'ai bien fait
Trois d'vous en parler
Quatre j'm'amuse
Cinq quoiqu'maman dise
Six elle était belle
Sept cette infirmière
Huit je l'aime

Un l'infirmière chante
Deux ça m'fait des choses
Trois comme l'alouette
Quatre j'ai peur
Cinq c'est dur la vie
Six pour un sourire
Sept j'en pleure la nuit
Huit et vous ?

J'aime ce qu'on m'interdit
Les plaisirs impolis
J'aime quand elle me sourit
J'aime l'infirmière maman

Un maman a tort
Deux c'est beau l'amour
Trois l'infirmière pleure
Quatre je l'aime
Cinq maman a tort
Six c'est beau l'amour
Sept à l'hôpital
Huit j'ai mal","Laurent Boutonnat, Jérôme Dahan",Mylène
We'll never die,Cendres De Lune,1986,"4,14","We'll never die !
We'll never die !
Tes pauvres mains tenues
Tu pries à corps perdu
We'll never die !

Ton sang lavera nos fronts
Les vautours t'embrasseront
We'll never die !

Petit garçon perdu
Te désert t'a déchu
We'll never die !

Ta vie n'est qu'un brin d'encens
Petite goutte de sang
We'll never die !

Gavroche ou bien bidoche
Rester en vie c'est moche
We'll never die !

Tu seras un ange là-bas
Au nom d'Allah, alléluia
We'll never die !

Dawn is breaking now!
How long does it take to die ?
We'll never die !
We'll never die !

Petit garçon foutu
Ce désert il t'a eu
We'll never die !

T'as fait la guerre pour ta mère
Elle t'a mis au monde en terre !
We'll never die !

Ta pauvre main tendue
Tu cries à corps perdu
Ton sang lavera nos fronts
Les vautours t'embrasseront

Dawn is breaking now !
How long does it take to die ?

We'll never die !
We'll never die !
We'll never die !...",Laurent Boutonnat ,Laurent Boutonnat
Greta,Cendres De Lune,1986,"4,46","Divine
Exquise et chagrine
De la vie, est orpheline

Enfantine
Reine et ruine
Maudit soient ceux qui t'ont prise

Greta rit, et moi je rougis
Greta tremble, la mort lui ressemble
Greta meurt, j'entends dieu qui pleure
Greta aime, divine infidèle
Baisers froids comme elle
Je l'aime

Divine
Fuir n'est pas facile
Quand la nuit vous a conquise

Tout est vide
Tu n'es plus
C'est ma vie, tu l'as perdue

Greta rit, et moi je rougis
Greta tremble, la mort lui ressemble
Greta meurt, j'entends dieu qui pleure
Greta aime, divine infidèle
Baisers froids comme elle
Je l'aime ",Laurent Boutonnat,Laurent Boutonnat
Plus grandir,Cendres De Lune,1986,"4,03","Petit rien, petit bout
De rien du tout
M´a mise tout sens dessus dessous
A pris ses jambes a son cou

Petit rien, petit bout
La vie s´en fout
Dans mes draps de papier tout déclavés
Mes baisers sont souillés

Plus grandir, j´veux plus grandir
Plus grandir pour pas mourir, pas souffrir
Plus grandir, j´veux plus grandir
Pour les pleurs d´une petite fille

Jeux de mains, jeux de fous
C´est pas pour nous
Suspendue au lit comme une poupée
Qu´on a désarticulée

Petit rien, petit bout
De rien du tout
Reviens dans mes images j´me suis perdue
Apres ... je n´sais plus !

Plus grandir, j´veux plus grandir
Plus grandir pour pas mourir, pas souffrir
Plus grandir, j´veux plus grandir
Pour les pleurs d´une petite fille",Laurent Boutonnat,Mylène
Cendres de lune,Cendres De Lune,1986,"1,47",,Laurent Boutonnat,Mylène
L'horloge,Ainsi Soit Je,1988,"5,01","Horloge ! dieu sinistre, effrayant, impassible
Dont le doigt nous menace et nous dit : ""Souviens-toi !
Les vibrantes Douleurs dans ton coeur plein d'effroi
Se planteront bientôt comme dans une cible,

Le Plaisir vaporeux fuira vers l'horizon
Ainsi qu'une sylphide au fond de la coulisse ;
Chaque instant te dévore un morceau du délice
A chaque homme accordé‚ pour toute sa saison.

Trois mille six cents fois par heure, la Seconde
Chuchote : Souviens-toi ! - Rapide, avec sa voix
D'Insecte, Maintenant dit : Je suis Autrefois,
Et j'ai pompé ta vie avec ma trompe immonde !

Remember ! Souviens-toi, prodigue !Esto memor !
(Mon gosier de métal parle toutes les langues.)
Les minutes, mortel folâtre, sont des gangues
Qu'il ne faut pas lâcher sans en extraire l'or !

Souviens-toi que le Temps est un joueur avide
Qui gagne sans tricher, à tout coup ! c'est la loi.
Le jour décroît ; la nuit augmente, souviens-toi !
Le gouffre a toujours soif ; la clepsydre se vide

Tantôt sonnera l'heure où le divin Hasard,
Où l'auguste Vertu, ton épouse encor vierge,
Où le repentir même (oh ! la dernière auberge !)
Où tout te dira : Meurs, vieux lâche ! il est trop tard !",Laurent Boutonnat,Charles Baudelaire
Sans contrefaçon,Ainsi Soit Je,1988,"4,06","Puisqu'il faut choisir
A mots doux je peux le dire
Sans contrefaçon
Je suis un garçon
Et pour un empire
Je ne veux me dévêtir
Puisque sans contrefaçon
Je suis un garçon

Tout seul dans mon placard
Les yeux cernés de noir
A l'abri des regards
Je défie le hasard
Dans ce monde qui n'a ni queue ni tête
Je n'en fais qu'à ma tête
Un mouchoir au creux du pantalon
Je suis chevalier d'Eon

Puisqu'il faut choisir
A mots doux je peux le dire
Sans contrefaçon
Je suis un garçon
Et pour un empire
Je ne veux me dévêtir
Puisque sans contrefaçon
Je suis un garçon

Tour à tour on me chasse
De vos fréquentations
Je n'admets pas qu'on menace
Mes résolutions
Je me fous bien des qu'en dira-t-on
Je suis caméléon
Prenez garde à mes soldats de plomb
C'est eux qui vous tueront

Puisqu'il faut choisir
A mots doux je peux le dire...",Laurent Boutonnat,Mylène
Allan,Ainsi Soit Je,1988,"4,46","Pauvres poupées
Qui vont qui viennent (Allan Allan)
Pauvre fantôme
Etrange et blême (Allan Allan)
J'entends ton chant monotone
La nuit frisonne (Allan Allan)
J'entends ton coeur fatigué
D'avoir aimé (Allan Allan)

D'étranges rêveries comptent mes nuits
D'un long voyage où rien ne vit
D'étranges visions couvrent mon front
Tout semble revêtu d'une ombre
L'étrange goût de mort
S'offre mon corps
Saoûle mon âme jusqu'à l'aurore
L'étrange Ligeia renaît en moi
De tout mon être je viens vers toi !

Masque blafard
Tu meurs ce soir (Allan Allan)
Masque empourpré
De sang séché (Allan Allan)
D'où vient ta peur du néant
Tes pleurs d'enfant (Allan Allan)
Qui sont les larmes
De tes tourments ? (Allan Allan)

D'étranges rêveries comptent mes nuits
D'un long voyage où rien ne vit
D'étranges visions couvrent mon front
Tout semble revêtu d'une ombre
L'étrange goût de mort
S'offre mon corps
Saoûle mon âme jusqu'à l'aurore
L'étrange Ligeia renaît en moi
De tout mon être je viens vers toi !...",Laurent Boutonnat,Mylène
Pourvu qu'elles soient douces ,Ainsi Soit Je,1988,"4,52","Hé Mec !
Ton regard oblique
En rien n'est lubrique
Ta maman t'a trop fessê
Ton goût tu revers
N'a rien de pervers
Et ton bébé n'est pas faché

Ton kamasutra
A bien cent ans d'âge
Mon Dieu que c'est démodé
Le nec plus ultra
En ce paysage
C'est d'aimer les deux cotés

Ta majesté
Jamais ne te déplaces!
Sans ton petit oreiller
A jamais je suis
Ton unique classe
Tout n'est que prix à payer

Tu fais Ah! des Oh!
Derrière ton ouvrage
Quand mon petit pantalon
Debout et de dos
Sans perdre courage
Dénude tes obsessions

Tu t'entêtes à te foutre de tout
Mais pourvu qu'elles soient douces
D'un poète tu n'as que la lune en tête
De mes rondeurs tu es K.O.!
Tu t'entêtes à te foutre de tout
Mais pourvu qu'elles soient douces
D'un esthète tu n'as gardé qu'un ""air bête""...
Tout est beau si c'est ""Vue de dos""!
OK!

Prose ou poésie
Tout n'est que prétexte
Pas la peine de t'excuser
Muse au égérie
Mes petites fesses
Ne cessent de t'inspirer

Je fais des Ah! des Oh!
Jamais ne me lasse
Par amour pour un toqué
Ne faut-il pas que
Jeunesse se passe
A quoi bon se bousculer?
Tu t'entêtes à te foutre de tout..",Laurent Boutonnat,Mylène
La ronde triste,Ainsi Soit Je,1988,"4,13","Please let me dream
Let me scream
I feel sad
Please let me dream
Let me scream
Let me die
I love you I love you
I do love you
I love you I love you
I do love you
""Don't quite !""

Please let me dream
Let me scream
I feel sad
""Don't quite !""
Please let me dream
Let me scream
Let me die
""Don't quite !""

I love you I love you
I do love you
I love you I love you
I do love you
""Don't quite !""",Laurent Boutonnat,Mylène
Ainsi soit je...,Ainsi Soit Je,1988,"6,18","Bulle de chagrin
Boule d'incertitude
Tant de matins
Que rien ne dissimule
Je veux mon hiver
M'endormir loin de tes chimères
Je sais bien que je mens
Je sais bien que j'ai froid dedans

Bulle de chagrin
Boule d'incertitude
De nos destins
Naît que solitude
Tu dis qu'il faut du temps
Qu'aimer n'est pas un jeu d'enfant
Je sais bien que tu mens
Mais je suis si seule à présent

Ainsi soit Je
Ainsi soit Tu
Ainsi soit Il
Ainsi moi je
Prie pour que Tu
Fuies mon exil
Mais quel espoir
Pourrais-je avoir
Quand tout est noir ?
Ainsi soit Je
Ainsi soit Tu
Ainsi soit ma vie
Tant pis.

Bulle de chagrin
Boule d'incertitude
Deux orphelins
Que le temps défigure
Je voudrais mon hiver
M'endormir loin de tes chimères
Tu sais bien que je mens
Tu sais bien que j'ai froid dedans.

Ainsi soit Je
Ainsi soit Tu
Ainsi soit Il
Ainsi moi je
Prie pour que Tu
Fuies mon exil
Mais quel espoir
Pourrais-je avoir
Quand tout est noir ?
Ainsi soit Je
Ainsi soit Tu
Ainsi soit ma vie
Tant pis...",Laurent Boutonnat,Mylène
Sans logique,Ainsi Soit Je,1988,"4,29","Si Dieu nous fait à son image
Si c'était sa volonté
Il aurait dû prendre ombrage
Du malin mal habité
Qui s'immisce et se partage
L'innocence immaculée
De mon âme d'enfant sage
Je voudrais comprendre

De ce paradoxe
Je ne suis complice
Souffrez qu'une autre
En moi se glisse
Car sans logique
Je me quitte
Aussi bien satanique
Qu'angélique

Si chaque fois qu'en bavardages
Nous nous laissons dériver
Je crois bien que d'héritage
Mon silence est meurtrier
Vous me découvrez blafarde
Fixée à vos yeux si tendres
Je pourrais bien par mégarde
D'un ciseau les fendre

De ce paradoxe
Je ne suis complice
Souffrez qu'une autre
En moi se glisse
Car sans logique
Je me quitte
Aussi bien satanique
Qu'angélique...",Laurent Boutonnat,Mylène
Jardin de Vienne,Ainsi Soit Je,1988,"5,16","Petit bonhomme
Ne sourit plus
La vie en somme
T'as bien déçu
Ton corps balance
Au vent de soir
Comme une danse
Un au revoir

Monte sur l'arbre
Comme un oiseau
Pour que ton âme
Monte plus haut...

Petit bonhomme
S'est endormi
Comme une pomme
On t'a cueilli
Ta tête penche
Est-ce pour me voir ?
Au loin balance
La corde noire

""Ce soir j'ai de la peine,
Il s'est pendu
Dans un jardin de Vienne""",Laurent Boutonnat,Mylène
Déshabillez-moi,Ainsi Soit Je,1988,"3,45","Déshabillez-moi, déshabillez-moi
Oui, mais pas tout de suite, pas trop vite
Sachez me convoiter, me désirer, me captiver
Déshabillez-moi, déshabillez-moi
Mais ne soyez pas comme, tous les hommes, trop pressés.
 
Et d'abord, le regard
Tout le temps du prélude
Ne doit pas être rude, ni hagard
Dévorez-moi des yeux
Mais avec retenue
Pour que je m'habitue, peu à peu...
 
Déshabillez-moi, déshabillez-moi
Oui, mais pas tout de suite, pas trop vite
Sachez m'hyptoniser, m'envelopper, me capturer
Déshabillez-moi, déshabillez-moi
Avec délicatesse, en souplesse, et doigté
 
Choisissez bien les mots
Dirigez bien vos gestes
Ni trop lents, ni trop lestes, sur ma peau
Voilà ça y est, je suis
Frémissante et offerte
De votre main experte, allez-y...
 
Déshabillez-moi, déshabillez-moi
Maintenant tout de suite, allez vite
Sachez me posséder, me consommer, me consumer...
 
Déshabillez-moi ! ! !
 
Déshabillez-moi
Conduisez-vous en homme
Soyez l'homme... Agissez !
Déshabillez-moi, déshabillez-moi
Et vous... déshabillez-vous !",Gaby Verlon,Robert Nyel
The Farmer's Conclusion,Ainsi Soit Je,1988,"2,14",,Laurent Boutonnat,None
Agnus Dei,L'autre,1991,"5,46","De mutilation
En soustraction
Agnus dei
Te voir en chair
J'en perds la tête

De mutilation
En convulsion
Te voir ici
Quelle hérésie
Les bras m'en tombent

De mutilation
En génuflexion
Excommuniée
J'ai les pieds et
Les poings liés

De mutilation
En extrême onction
Agnus dei
Moi l'impie
Je suis saignée aux quatre veines

""Agnus Dei
Qui tollis
Peccáta mundi
Miserére nobis
Miserére nobis""...

Je m'éloigne de tout
Je suis loin de vous... ",Laurent Boutonnat,Mylène
Désenchantée,L'autre,1991,"5,22","Nager dans les eaux troubles
Des lendemains
Attendre ici la fin
Flotter dans l'air trop lourd
Du presque rien
A qui tendre la main

Si je dois tomber de haut
Que ma chute soit lente
Je n'ai trouvé de repos
Que dans l'indifférence
Pourtant, je voudrais retrouver l'innocence
Mais rien n'a de sens, et rien ne va

Tout est chaos
A côté
Tous mes idéaux : des mots
Abimés...
Je cherche une âme, qui
Pourra m'aider
Je suis
D'une géneration désenchantée
Désenchantée

Qui pourrait m'empêcher
De tout entendre
Quand la raison s'effondre
A quel sein se vouer
Qui peut prétendre
Nous bercer dans son ventre

Si la mort est un mystère
La vie n'a rien de tendre
Si le ciel a un enfer
Le ciel peut bien m'attendre
Dis moi,
Dans ces vents contraires comment s'y prendre
Plus rien n'a de sens, plus rien ne va. ",Laurent Boutonnat,Mylène
L'autre,L'autre,1991,"5,2","Quel émoi devant ce moi
Qui semble frôler l'AUTRE,
Quel émoi devant la foi
De l'un qui pousse l'AUTRE,
C'est la solitude de l'espace
Qui résonne en nous
On est si seul, parfois
Je veux croire alors qu'un ange passe
Qu'il nous dit tout bas
Je suis ici pour toi
Et toi c'est moi.

Mais qui est l'AUTRE
Quel étrange messager
Mais qui est l'AUTRE
Ton visage est familier
Mais qui est l'AUTRE
En toi ma vie s'est réfugiée
C'est un ami, c'est lui.

Toi et moi du bout des doigts
Nous tisserons un AUTRE
Un autre moi, une autre voix
Sans que l'un chasse l'autre,
J'ai dans ma mémoire mes faiblesses
Mais au creux des mains
Toutes mes forces aussi
Mais alors pour vaincre la tristesse
Surmonter ses doutes
Il nous faut un ami
L'ami c'est lui.",Laurent Boutonnat,Mylène
Je t'aime mélancolie,L'autre,1991,"5,31","J'ai comme une envie
De voir ma vie au lit
Comme une idée fixe
Chaque fois que l'on me dit
La plaie c'est ça :
C'est qu'elle pousse trop vite
La mauvaise herbe nuit
C'est là qu'il me vient une idée :
Pouvoir m'apitoyer

C'est bien ma veine
Je souffre en douce
J'attends ma peine
Sa bouche est si douce

J'ai comme une envie
De voir ma vie au lit
Comme une idée triste
Qui me poursuit la nuit - la nuit - la nuit
Je savoure la nuit
L'idée d'éternité
La mauvaise herbe nuit
Car elle ne meurt jamais

Quand tout est gris
La peine est mon amie
Un long suicide acide
Je t'aime mélancolie
Sentiment qui
Me mène à l'infini
Mélange du pire, de mon désir,
Je t'aime mélancolie

Quand tout est gris
La peine est mon amie
J'ai l'âme humide aussi
Tout mon être chavire
Oh viens je t'en prie
C'est ton amie aussi
C'est l'élixir, de mes délires
Je t'aime mélancolie

J'ai comme une envie
De voir ma vie en l'air
Chaque fois que l'on me dit
C'est de la mauvaise herbe
Et moi je dis :
Qu'une sauvage née
Vaut bien d'être estimée
Après tout elle fait souvent la nique
Aux ""trop bien"" cultivées, et toc !

C'est bien ma veine
Je souffre en douce
J'attends ma peine
Sa bouche est si douce

J'ai comme une idée
De la moralité
Comme une idée triste
Mais qui ne meurt jamais
En somme c'est ça :
Pour plaire aux jaloux
Il faut être ignorée
Mais là, mais là, mais là, pour le coup
C'est Dieu qui m'a planté, alors ?...",Laurent Boutonnat,Mylène
Psychiatric,L'autre,1991,"6,05","""I am a human being
I am not an animal""

It's easy this time
To loose my mind
It's easy this time
To loose my mind

Psychiatric
Psychiatric
Psychiatric

It's easy this time
To loose my mind
It's easy this time
To loose my mind ",Laurent Boutonnat,Mylène
Regrets,L'autre,1991,"5,13","Loin très loin du monde
Où rien ne meurt jamais
J'ai fait ce long
Ce doux voyage
Nos âmes se confondent
Aux neiges éternelles
L'amour cachait
Son vrai visage
Oh viens ne sois plus sage
Après tout qu'importe
Je sais la menace
Des amours mortes
Gardons l'innocence
Et l'insouciance
De nos jeux d'antan
Troublants

N'aie pas de regrets
Fais moi confiance et pense
A tous les no way
L'indifférence des sens
N'aie pas de regrets
Fais la promesse tu sais que
L'hiver et l'automne n'ont pu s'aimer

Debout la tête ivre
Des rêves suspendus
Je bois à nos amours infirmes
Au vent que je devine
Nos lèvres éperdues
S'offrent des noces clandestines
N'ouvre pas la porte
Tu sais le piège
De tous les remords
De l'anathème
Je me fous des saisons
Viens je t'emmène
Là où dorment ceux qui s'aiment ",Laurent Boutonnat,Mylène
Pas de doute,L'autre,1991,"5,14","Tout n'est qu'une vaine mise en scène
Tes faux départs sont toujours les mêmes
D'être tendu n'ajoute rien au problème
Tous tes ébats sont stériles et même
Après tout demain peut être différent
Quitte à faire vite
Je prends les devants
Ne dit-on pas qu'il vaut mieux tôt que jamais
Tu précipites
Moi je prends mon temps

Pas de doute ainsi c'est sans doute une fuite
Mais te décharger de tout c'est illicite
Pas de doute ami, là tu t'emballes
Quand tu n'as plus ta tête, tu fais tout trop vite
Pas de doute ainsi c'est sans doute une fuite
Mais te décharger de tout c'est illicite
Pas de doute ainsi c'est bien normal
Quand tu n'as plus ta tête, c'est toi qui précipites

Tout n'est qu'une vaine mise en scène
Tes va et vient sont toujours les mêmes
Ton point de vue tordu sur le sexe faible
S'effondre un rien dans un cas pareil
Après tout c'est bien là ton tempérament
Dès qu'on réplique
Toi tu fous le camp
Ne dit-on pas qui ne tente rien n'a rien
Je suis stoïque
Mais plus pour longtemps

Pas de doute ainsi c'est sans doute une fuite
Mais te décharger de tout c'est illicite
Pas de doute ami, là tu t'emballes
Quand tu n'as plus ta tête, tu fais tout trop vite
Pas de doute ainsi c'est sans doute une fuite
Mais te décharger de tout c'est illicite
Pas de doute ainsi c'est bien normal
Quand tu n'as plus ta tête, c'est toi qui précipites ",Laurent Boutonnat,Mylène
Il n'y a pas d'ailleurs,L'autre,1991,"5,43","Tant de jours
De nuits trop brèves
Ces soupirs
Que tu achèves
Sans y croire, dérisoire

Tu voudrais
D'un autre monde
Je te sens
La proie d'une ombre
Illusoire, il faut me croire

Il n'y a pas d'ailleurs
Il n'y a pas d'ailleurs
Tu sais que ta vie, c'est ici
Il n'y a pas d'ailleurs
Il n'y a pas d'ailleurs
Tu sais que ta vie
C'est la mienne aussi

Pour renaître
De tes cendres
Il te faudra
Réapprendre
Aimer vivre, rester libre

Délaisser
Tes amertumes
Te frayer
Jusqu'à la lune
Un passage, il me faut me croire",Laurent Boutonnat,Mylène
Beyond my control,L'autre,1991,"5,24","Je n'comprends plus pourquoi
J'ai du sang sur mes doigts
Il faut que je te rassure
Je soignerai bien tes blessures / mon amour

Tu n'as plus vraiment le choix
Nos deux corps étendus, là
Qu'à l'aube ils se mélangent
Là tu as les yeux d'un ange / mon amour

Lâche ! (It's beyond my control)
C'est plus fort que... Toi
Toujours en cavale (It's beyond my control)
Tu dis : J'ai besoin de... Tes bras
Oh lâche ! (It's beyond my control)
Mais c'est plus fort que... Toi
Tu nous fais du mal (It's beyond my control)
Ne t'éloigne pas de mes... Bras

Je n'comprends plus pourquoi
J'ai du sang sur mes doigts
Dors en paix je t'assure
Je veillerai ta sépulture / mon amour

C'était plus fort que moi
Même si je sens là l'effroi
Envahir tout mon être
Je te rejoindrai peut-être / mon amour",Laurent Boutonnat,Mylène
Nous souviendrons nous,L'autre,1991,"5,11","Aux vies qui s'abaissent à voir la mienne
Je sais
Qu'il me faudra prendre congé d'elles
Un jour ou l'autre
Nos vies sont des larmes d'aquarelle
Nous ne sommes reliés qu'à nous mêmes

Et si je perds la foi
En nous, en tout
C'est bien malgré moi
Nulle prière
A chacun de nos pas
Je doute de tout
Nous souviendrons nous de nous

Aux vies qui ont soutenu la mienne
Je n'ai
Qu'un long monologue poudré de neige
A partager
Nos vies qui s'écoulent chaque jour saignent
Nous ne sommes reliés qu'à nous mêmes ",Laurent Boutonnat,Mylène
California,Anamorphosée,1995,"4,58","Aéroport, aérogare
mais pour tout l'or m'en aller
c'est le blues, l' coup d'cafard
le check out assuré
vienne la nuit et sonne l'heure
et moi je meurs
entre apathie et pesanteur
où je demeure

changer d'optique, prendre l'exit
et m'envoyer en Amérique
sex appeal, c'est Sunset
c'est Marlboro qui me sourit
mon amour, mon moi, je
sais qu'il existe
la chaleur de l'abandon
c'est comme une symphonie

c'est sexy le ciel de Californie
sous ma peau j'ai L.A. en overdose
so sexy le spleen d'un road movie
dans l' rétro ma vie qui s'anamorphose

j'ai plus d'I.D, mais bien l'idée
de me payer le freeway
c'est l'osmose, on the road
de l'asphalte sous les pieds
vienne la nuit, c'est le jet lag
qui me décale
L.A.P.D me donne un blâme
c'est pas le drame

se faire un trip, s'offrir un streap
sous le soleil en plein midi
six a.m, j'suis offset
j'suis l'ice dans l'eau, j'suis mélo, dis
mon amour, mon Wesson
mon artifice
la chaleur du canon
c'est comme une symphonie

c'est sexy le ciel de Californie
sous ma peau j'ai L.A. en overdose
so sexy le spleen d'un road movie
dans l' rétro ma vie qui s'anamorphose",Laurent Boutonnat,Mylène
Vertige,Anamorphosée,1995,"5,28","Rain, nudité
Nuit sois plus lente
Délivrante
Rain, volupté
Impermanente l'existence
Vois comme la vie est éphémère
Comme les nuages
Juste un passage
Une goutte d'eau nécessaire
Au voyage

Plus loin plus haut
J'atteints mon astre
(Je vertige de vivre)
Plus loin plus haut
L'esprit voyage
(Je vertige de vivre)
L'éveil d'un sens
L'instinct d'une danse
(Je vertige de vivre)
Plus loin plus haut
L'extase et l'immensité
(Je vertige d'être vivant)

Rain, nudité
Nuit sois plus longue
L'homme gronde
Chaînes, pluie d'acier
Son ignorance est sa souffrance
Le temps n'appartient à personne
Ballet d'étoiles
Insaisissables
Instant présent tu es l'essence
Du voyage",Laurent Boutonnat,Mylène
Mylène s'en fout,Anamorphosée,1995,"4,3","Mon aquarium
C'est pas du barnum
J'vois tes grand airs
De diamantaire
T'as plus de mystère
Comme tu as changé
T'es pas plus beau vue de haut
Moi comme j't'aimais
Tu f'sais la planche sur le dos
Voir ton île

Des améthystes
Mylène s'en fout
L'éclat du chic
Mylène s'en fout
Le jade est un joyau bien plus doux
Au creux du nombril
Mylène nue en dessous

Moi mes splendeurs
Sont celles du coeur
Ta mode s'emmure
Le jade est pur
Son style perdure
Comme tu as changé
Ta poésie a pris l'eau
Vois comme tu es
Mais sans parure c'est plus chaud
Sur mon île",Laurent Boutonnat,Mylène
L'instant X,Anamorphosée,1995,"4,45","Bloody lundi
mais qu'est-ce qui
nous englue la planète
et embrume ma comète
c'est
la loi des séries
le styx
les ennuis s'amoncellent
j'ai un teint de poubelle
mais
c'est l'instant X
qu'on attend comme le messie
comme l'instant magique
c'est l'équation
l'ax + b qui fait tilt
mais pour l'heure, dis

Papa Noël quand tu descendras du ciel
du fun, du zoprack et des ailes
l'an 2000 sera spirituel
c'est écrit dans ELLE
du fun pour une fin de siècle

humeur killer
c'est l'heure pour
moi de prendre la pose
de penser à aut'chose
c'est
le cycle infernal
fatal
un rien devient l'Everest
mon chat qui s'défenêstre
à
à quand l'instant X
qu'on attend comme le messie
comme l'instant magique
c'est l'hécatombe
vernis qui craque
asphyxie
pied dans la tombe

Papa Noël quand tu descendras du ciel
du fun, du zoprack et des ailes
l'an 2000 sera spirituel
c'est écrit dans "" ELLE ""
du fun pour une fin de siècle",Laurent Boutonnat,Mylène
Eaunanisme,Anamorphosée,1995,"5,08","J'irai lui dire
La pâleur de ses yeux
Qu'ils avaient
La profondeur de nos cieux
Je sais qu'elle marche
Sans savoir qui elle est
Que c'est les jambes
D'une autre qui la portait
Je l'entend murmurer

Océan d'ambre
Mélange, mélange moi
A tes légendes
Mets l'ancre, l'ancre en moi
C'est si doux la brûlure
Là où ta main me touche, Eau
Et coule cette écume
De ma bouche

J'irai lui dire
Que son coeur s'est fatigué
De vous
J'irai lui dire
Que de l'homme elle s'est lassée
De tout
Que sa vie rare
Est cachée dans le velours... de l'immensité
Qu'il est trop tard pour l'aimer
Elle s'est dissoute... dans l'éternité, Eau

Océan d'ambre
Mélange, mélange-moi
A tes légendes
Mets l'ancre, l'ancre en moi
C'est si doux la brûlure
Là où ta main me touche, Eau
Et coule cette écume
De ma bouche",Laurent Boutonnat,Mylène
Et tournoie...,Anamorphosée,1995,"4,27","J'perçois tes funérailles
Cerveau en bataille
Tu te veux liquide
Pantin translucide
Mais tu n'pourras rien changer
Côté sombre, c'est mon ombre
Dissout dans l'éternité
Et l'astre est de cendre

Ton fantôme intérieur
Affronte tes heures
Assassin blotti
Ton pire ennemi
Tu veux t'expulser de toi
Mais ta vie, fait envie
Ton fil tu l'aimes déjà
Et l'astre s'élève
Oh...

Mets ton âme de lumière
Et tournoie et tournoie
Mets ton habit de mystère
Et tournoie et tournoie
Sous ton âme la plainte amère
Panse la, donne la
Mets ton âme de lumière

Dedans tout n'est que faille
Ton coeur de cristal
Se brise au moindre éclat
De rire et de larmes
Aux morts qu'importe les dés
Le soleil, ton emblème
Ne te sera dérobé
Que pour l'éternel
Oh...

Mets ton âme de lumière
Et tournoie et tournoie
Mets ton habit de mystère
Et tournoie et tournoie
Sous ton âme la plainte amère
Panse la, donne la
Mets ton âme de lumière",Laurent Boutonnat,Mylène
XXL,Anamorphosée,1995,"4,25","Qu'on soit des filles de
Cocktails, belles
Qu'on soit des filles des
Fleurs de poubelles
Toutes les mêmes
Qu'on soit des croissants de lune
Qu'on soit des monts de Saturne
Pour l'I.V.G. ou en bulle
Nous on a

On a besoin d'amour
On a besoin d'amour
Besoin d'un amour XXL
On veut de l'amour XXL

Qu'on soit des filles de
L'histoire, rares
Qu'on soit des filles des
Fleurs de trottoirs
C'est comme ça
Qu'on soit Paul en Pauline
Faire la Une des magazines
Négatives ou positives
Toutes les filles

Elles ont besoin d'amour
On a besoin d'amour
Besoin d'un amour XXL
On veut de l'amour XXL

On a besoin d'amour
Besoin d'une flamme
Et de vague à l'âme
On a besoin d'amour
Besoin d'un regard
De peau et de larmes
Besoin d'un amour XXL
Besoin d'une flamme
Et de vague à l'âme
On veut de l'amour XXL
Besoin d'un regard
De peau et de larmes",Laurent Boutonnat,Mylène
Rêver,Anamorphosée,1995,"5,21","D'avoir mis son âme dans tes mains
Tu l'as froissé comme un chagrin
Et d'avoir condamné vos différences
Nous ne marcherons plus ensemble

Sa vie ne bat plus que d'une aile
Dansent les flammes, les bras se lèvent
Là où il va il fait un froid mortel
Si l'homme ne change de ciel
Pourtant j'ai rêvé...

J'ai rêvé qu'on pouvait s'aimer
Au souffle du vent
S'élevait l'âme l'humanité
Son manteau de sang
J'irai cracher sur vos tombeaux
N'est pas le vrai n'est pas le beau
J'ai rêvé qu'on pouvait s'aimer

A quoi bon abattre des murs
Pour y dresser des sépultures
A force d'ignorer la tolérance
Nous ne marcherons plus ensemble

Les anges sont las de nous veiller
Nous laissent comme un monde avorté
Suspendu pour l'éternité
Le monde comme une pendule
Qui s'est arrêtée

J'ai rêvé qu'on pouvait s'aimer
Au souffle du vent
S'élevait l'âme l'humanité
Son manteau de sang
J'irai cracher sur vos tombeaux
N'est pas le vrai n'est pas le beau
J'ai rêvé qu'on pouvait s'aimer

J'ai rêvé qu'on pouvait s'aimer
J'avais rêvé du mot AIMER",Laurent Boutonnat,Mylène
Alice,Anamorphosée,1995,"5,2","Mon Alice, Alice
Araignée maltèque
Mon Alice, Alice
Arachnée hichtek
Mon Alice, Alice
Pendue au bout de son fil
Dépressive l'artiste
Exit, exit

Dans ta boite
Toutes tes pattes
Le black-out
Petite âme

Comme tu me manques
Comme tu me manques
Comme tu me manques
L'araignée ",Laurent Boutonnat,Mylène
Comme j'ai mal,Anamorphosée,1995,"3,52","je bascule à l'horizontal
démissionne ma vie verticale
ma pensée se fige animale
abandon du moi
plus d'émoi
je ressens ce qui nous sépare
me confie au gré du hasard
je vis hors de moi et je pars
à mille saisons, mille étoiles

comme j'ai mal
je n'verrai plus comme j'ai mal
je n'saurai plus comme j'ai mal
je serai l'eau des nuages
je te laisse parce que je t'aime
je m'abîme d'être moi-même
avant que le vent nous sème
à tous vents, je prends un nouveau départ

plus de centre tout m'est égal
je m'éloigne du monde brutal
ma mémoire se fond dans l'espace
ode à la raison
qui s'efface
je ressens ce qui nous sépare
me confie au gré du hasard
je vis hors de moi et je pars
à mille saisons, mille étoiles",Laurent Boutonnat,Mylène
Tomber 7 fois,Anamorphosée,1995,"4,47","Hey
Faire les 400 coups
Se prendre des coups
Plutôt que le tiède
Ceux
Qui ont peur sont debout
Les autres dorment mou
Se battre pour ses rêves

Qu'on nous enseigne
(Never explain)
Qu'on nous assène
(Never complain)
Et c'est un peuple qui se soulève

Mais toujours vouloir pour soi
La lune, la lune
Même pour un nirvana
De fortune, la lune
Et si tu tombes 7 fois
Et si tu tombes 7 fois
Toujours se relever 8

Hey
Faire des noeuds magique
Au temps élastique
Rester éveillé
(Pas faire les choses à moitié)
Mieux
(Même si le prix à payer)
Vaut être atypique
(Même si l'on vous tire vers le bas)
Vertébrés excentriques
Qu'on fossile usé

Qu'on nous enseigne
(Never explain)
Qu'on nous assène
(Never complain)
Et c'est un peuple qui se soulève ",Mylène,Mylène
Laisse le vent emporter tout,Anamorphosée,1995,"3,59","Mais tout ce qui s'est passé
Glisse à côté
Comme l'eau sur les joues
Rester comme ça attaché
Quand l'autre a quitté

Et tous ces mots qu'on a dit
Mots qu'on a fuit
Où sont ils allés
Rester comme ça attaché
Ne peut rien changer
Alors va

Je laisse le vent emporter tout
Laisse le vent prendre soin de tout
Je laisse le vent emporter tout
Laisse le vent prendre soin de tout

Je t'ai rêvé homme sans pied
Dieu ou névé
Ou comme un bruit doux
Là j'irai bien te chercher
J'ai tellement changé

Mais tout ce qui s'est passé
Glisse à côté
Comme l'eau sur les joues
Quand je t'ai pris par la main
C'était un matin
Bien

Je laisse le vent emporter tout
Laisse le vent prendre soin de tout
Je laisse le vent emporter tout
Laisse le vent prendre soin de nous",Laurent Boutonnat,Mylène
Puisque,Single,1988,"4,14","Puisque je vais vous quitter ce soir
Puisque vous voulez ma vie
Je l'ai compris
Puisque ma vie n'est qu'un long sursis
Je veux un nouveau berceau le paradis

Lasse je m'efface
Lasse je m'efface

Si nous n'avons plus rien à nous dire
Sans rougir je peux l'écrire
Je vous aimais
Puisque plus rien ne peut me blesser
Aux gens qui ne savent aimer je vais sourire

Lasse je m'efface
Lasse je m'efface",Laurent Boutonnat,Mylène
Dernier sourire,Single,1989,"5,08","Sentir ton corps,
Tout ton être qui se tord,
Souriant de douleur,
Sentir ton heure,
Poindre au coeur d'une chambre
Qui bannit le mot tendre,
Sentir ta foi,
Qui se dérobe à chaque fois
Que tu sembles comprendre,
Parles moi encore...
Si tu t'endors,
Si c'est ton souhait,
Je peux t'accompagner...

Qui te condamne ?
Au nom de qui ?
Mais qui s'acharne à souffler tes bougies ?
Est-ce te mentir ?
Est-ce te trahir ?
Si je t'invente des lendemains qui chantent...
Vois-tu le noir de ce tunnel ?
Sais-tu l'espoir quand jaillit la lumière ?
Ton souvenir ne cessera jamais
De remuer le (la) couteau dans mon (ma) plaie",Laurent Boutonnat,Mylène
A quoi je sers,Single,1989,"4,34","Poussière vivante, je cherche en vain ma voie lactée
Dans ma tourmente, je n'ai trouvé qu'un mausolée
Et je divague
J'ai peur du vide
Je tourne des pages
Mais... des pages vides

Poussière errante, je n'ai pas su me diriger
Chaque heure demande pour qui, pour quoi, se redresser
Et je divague,
J'ai peur du vide
Pourquoi ces larmes
Dis... à quoi bon vivre...

Mais mon Dieu de quoi j'ai l'air
Je sers à rien du tout
Et qui peut dire dans cet enfer
Ce qu'on attend de nous, j'avoue
Ne plus savoir à quoi je sers
Sans doute à rien du tout
A présent je peux me taire
Si tout devient dégoût

Poussière brûlante, la fièvre a eu raison de moi
Je ris sans rire, je vis, je fais n'importe quoi
Et je divague
J'ai peur du vide
Je tourne des pages
Mais... des pages vides

Mais mon Dieu de quoi j'ai l'air
Je sers à rien du tout
Et qui peut dire dans cet enfer
Ce qu'on attend de nous, j'avoue
Ne plus savoir à quoi je sers
Sans doute à rien du tout
A présent je peux me taire
Si tout devient dégoût...",Laurent Boutonnat,Mylène
La veuve noire,Single,1989,"4,15","Vois cette veuve noire
Tu l'as aimée
Pauvre amoureux d'un soir de mai
Vois cette dame noire
L'heure à sonner
Tu périras ce soir de mai

Vois cette toile noire
C'est ton linceul
Tu reposeras ce soir de mai
Quand l'araignée d'un soir
D'un long baiser
Enivre vos espoirs
Trop tard... ",Laurent Boutonnat,Mylène
Que mon coeur lâche,Single,1992,"4,04","Bien trop brutal
L'amalgame
La danse des corps
L'amour à mort

Amour poison
Collision
La peur s'abat
Sur nos ébats

Toi entre nous
Caoutchouc
Tu t'insinues
Dans nos amours

C'est pas facile
Le plaisir
Apprivoiser
Ton corps glacé

Que mon coeur lâche
Mes rêves d'amours excentriques
N'ont plus leur strass
Mon stress d'amour est si triste
Que mon coeur lâche
Mais fais moi mal
Abuse des liens et des lys
Les temps sont lâches
L'amour a mal
Les temps sont amour plastique

Quel mauvais ange
Se dérange
Pour crucifier
Mes libertés

Moi pauvre diable
J'ai si mal
Vertige d'amour, amour blessé",Laurent Boutonnat,Mylène
"L'histoire d'une fée, c'est...",Single,2001,"4,55","Trois p'tits tours et silence !
C'est ça qui m'affecte
Quand on m'aime, je danse
Quand on veut, j'apparais
Trois p'tits tours et silence !
J'suis pas en latex
Quand on m'oublie, le sens
De ma vie disparaît

Faire un voeu ou bien deux
Et puis fermer les yeux
(je suis là)
Pour celui, et pour ceux
Qui n'ont pas froid aux yeux
(qui croient en moi)
Faire un souhait pour de vrai
Et puis croire au mystère
(tout est là)
C'est un style, c'est facile
Quand on est Mélusine / Oh vite dépêche-toi

Avant que tout s'éveille
Attrapez-moi
Mais pas le bout des ailes
Une fée c'est fragile parfois
Avant que minuit ne vienne
Attrapez-moi
Jeux de mains, jeux de M
Emoi

Trois p'tits tours et silence !
C'est ça qui me choque
Quand ma peine est immense
Je change l'or en toc
Trois p'tits tours de passe passe
Moi j'en ai des stocks...
Si ma baguette casse
Que le grand crick me croque

Faire un voeu ou bien deux
Et puis fermer les yeux
(je suis là)
Pour celui, et pour ceux
Qui n'ont pas froid aux yeux
(qui croient en moi)
Faire un souhait pour de vrai
Et puis croire au mystère
(tout est là)
C'est un style, c'est facile
Quand on est Mélusine / Oh vite dépêche-toi

Monday, Tuesday, Wednesday, Thursday, 
Friday, Saturday, Sunday

 Avant que tout s'éveille
Attrapez-moi
Et voir mes étincelles
Une fée c'est magique en soi
Avant que minuit ne vienne
Attrapez-moi
Jeux de mains, jeux de M
Emoi",Laurent Boutonnat,Mylène
Effets secondaires,Single,1999,"3,5","1 heure...
2 heures... pas dormir il ne 'faut pas dormir
3 heures... point dormir
4 heures... pour vivre heureux vivons cachés
5 heures... vivons cachés
6 heures... effets non souhaités et gênants
7 heures... gare à l'ataxie ! Ah bon ?
8 heures... il n'y a pas d'ataxie
9 heures... il n'y a pas d'ataxie, il n'y a pas d'ataxie
10 heures... il n'y a pas d'ataxie, il n'y a pas d'ataxie
11 heures... il n'y a pas il n'y a pas
12 heures...

Tous les effets secondaires sont dits
Tous les effets de Krueger sont ici
Tous les effets secondaires maudits
Tous les méfaits de Krueger sont la nuit

4 heures… les musées sont pornographiques
5 heures… une vision pharmaceutique
6 heures… mon idéal ? C'est d'aimer avec horreur
7 heures… un précipice entre vous et moi
8 heures… est-ce qu'on en voit jamais le bout ? Non répondent mes yeux.
9 heures... seulement quand on est au bout ! Ah bon ?
10 heures… pas dormir il n'faut pas dormir faut pas dormir
11 heures…
12 heures… il n'y a pas d'ataxie il n'y a pas d'ataxie il n'y a pas d'ataxie
1 heure… il n'y a pas d'atatxie
2 heures…
3 heures…
4 heures… en cas de doute demandez l'avis de votre médecin
5 heures… confusion mentale troubles psychiques
6 heures… ah bon ? 1 2 3 nous irons au bois
7 heures… 4 5 profondeur
8 heures… tous les effets secondaires
9 heures… sont dis Accélération du rythme cardiaque
10 heures… tous les effets de Krueger Mauvaise coordination des mouvements
11 heures... sont ici Attention !
12 heures… tous les effets secondaires
1 heure... maudits y a l'plafond qui m'regarde !
2 heures… tous les méfaits de Krueger Un faux-plafond un mensonge
3 heures... sont la nuit Je mets de faux cils à leurs yeux
4 heures…pour un regard plus profond… ",Laurent Boutonnat,Mylène
Les mots,Single,2001,"4,51","Fixement, le ciel se tord
Quand la bouche engendre un mort
Là je donnerai ma vie pour t'entendre
Te dire les mots les plus tendres
When all becomes all alone
I'll break my life for a song
And to lives that stoop to notice mine
I know I will say goodbye
But a fraction of this life
I would give anything, anytime

L'univers a ses mystères
Les mots sont nos vies
You could kill a life with words
Soul, how would it feel
Si nos vies sont si fragiles
Words are mysteries
Les mots des sentiments
Les mots d'amour, un temple

If one swept the world away
One could touch the universe
I will tell you how the sun rose, how
We could with a word become one
Et pour tous ces mots qui blessent
Il y a ceux qui nous caressent
Qui illuminent, qui touchent l'infini
Même si le néant existe
For a fraction of this life, we
Will give anything, anytime

L'univers a ses mystères
Les mots sont nos vies
You could kill a life with words
Soul, how would it feel
Si nos vies sont si fragiles
Words are mysteries
Les mots des sentiments
Les mots d'amour, un temple",Laurent Boutonnat,Mylène
Pardonne-moi,Single,2002,"4,3","Pardonne-moi
Si la douleur remue tout
Qu'elle me broie
De t'aimer comme un fou
Que tu n'es pas
Pardonne-moi
Pardonne-moi
La profondeur de mon amour
Pour toi
Si c'est du sang qui coule
Au fond de moi
Pardonne-la

Prince hongrois
Nos chaque jour :
... Il était une fois
Des vœux d'amour
Quand il montait chez moi
La première fois...

Prince hindou
Je l'imagine encore
Au creux de moi
Je veux plonger dans son cœur,
Et sa voix
Me dit tout bas...

Prince arabe
Tes silences effleuraient
Du bout des doigts
Tous mes sens, aurons-nous
Un autrefois ?
Reste chez moi

Prince Aurore
Où en es-tu
De ces pulsions de mort ?
Qu'avons nous fait de bien
après l'effort
Deux corps, un sort

Prince hongrois
L'on descend de l'autre
Coté du monde
Parcourir l'étoile
A chaque seconde
Partager l'ombre

Prince noir
Délivre-moi de mon sang,
D'un espoir
Car en moi guette un silence
Sans fard
Un nulle part",Laurent Boutonnat,Mylène
Du temps,Single,2012,"3,38","Du temps
Du temps
Du temps
Il te faut
Du temps
Du temps
Du temps
Non Non Non

Suppose que je te dise
L'amour en est la cause
Que nos chemins de vie
Parfois nous superposent
C'est le mien
J'm'en fous
Mon chagrin
C'est tout
L'antidote au pire
Woh Oh Oh Oh
L'anti pas mourir
Woh Oh Oh Oh

Refrain
Moi je veux vivre
Aller haut
Pouvoir me dire
Que c'est beau
Mais pas
Du temps
Du temps
Du temps
Il te faut
Du temps
Du temps
Du temps
Non Non Non

Suppose que je te dise
Qu'au fond de moi sommeille
Un continent de vie
De démons et merveilles
C'est le mien
Mais vous ?
Mon destin
S'enroule
Autour de tes reins
Woh Oh Oh Oh
Amour je sens bien
Woh Oh Oh Oh Oh

Moi je veux vivre
Aller haut
Pouvoir me dire
Que c'est beau
Mais pas
Du temps
Du temps
Du temps
Il te faut
Du temps
Du temps
Du temps
Non Non Non

Moi je veux vivre
Aller haut
Pouvoir me dire
Que c'est beau
Mais pas
Du temps
Du temps
Du temps
Il te faut
Du temps
Du temps
Du temps
Non Non Non",Laurent Boutonnat,Mylène
L'âme dans l'eau,Single,2020,"3,06","L’AIR EST LOURD DE TON ABSENCE
L’AIR EST SOURD À NOS SENTIMENTS
L’AIR EST COURT ET MON MANQUE DE TOI
TOI MON AUTRE MOI, TU VOIS
J’AI L’ÂME DANS L’EAU

SI LES SONGES ONT DES PORTES
QU’ILS ME MÈNENT, LÀ À TES COTÉS
L’ONDE NOIRE J’AI DÛ TRAVERSER
OH DOULEUR, CAR NUL NE SAIT
J’AI L’AME DANS L’EAU

BENI SOIT MON REFUGE
BENI SOIT L’OR DE MA MAISON
DOUX LE SOUFFLE, NOS MAINS QUI S’EFFLEURENT
J’AI L’AME DANS L’EAU
J’AI L’ÂME DANS L’EAU

L’AIR EST LOURD DE TON ABSENCE
L’AIR EST SOURD À MES SENTIMENTS
L’ANGE AU CIEL MURMURE UN « JE T’AIME »
DANS UN ULTIME ESSENTIEL
J’AI L’ÂME DANS L’EAU

J’AI L’ÂME DANS L’EAU
J’AI L’ÂME DANS L’EAU

J’AI L’AME DANS L’EAU
J’AI L’AME DANS L’EAU
J’AI L’AME DANS L’EAU
J’AI L’AME DANS L’EAU

L’AIR EST LOURD DE TON ABSENCE
L’AIR EST SOURD À NOS SENTIMENTS
L’AIR, AMOUR, ME MANQUE PARFOIS
JE VOIS L’AUBE QUI SE NOIE
J’AI L’ÂME DANS L’EAU

MAIS LES SONGES ONT DES PORTES
QUI ME MÈNENT LÀ OÛ J’AVAIS PIED
DESESPOIR, LE PRÉSENT L’EMPORTE
FAUT-IL CROIRE QUE JE SUIS MORTE
J’AI L’AME DANS L’EAU

BENI SOIT TA PRÉSENCE
BENI SOIT L’OR DE TOUS LES MONDES

J’AI L’AME DANS L’EAU
J’AI L’ÂME DANS L’EAU

L’AIR EST LOURD DE TON ABSENCE
L’AIR EST SOURD À NOS SENTIMENTS
L’AIR EST COURT ET MON MANQUE DE TOI
TOI MON AUTRE MOI, TU VOIS
J’AI L’ÂME DANS L’EAU ","Jonathan Burr, Adam Richardson",Mylène
C'est une belle journée,Single,2001,"4,16","Allongé le corps est mort
Pour des milliers
C'est un homme qui dort...
A moitié pleine est l'amphore
C'est à moitié vide
Qu'on la voit sans effort
Voir la vie, son côté pile
Oh philosophie
Dis-moi des élégies
Le bonheur
Lui me fait peur
D'avoir tant d'envies
Moi j'ai un souffle au coeur
Aussi

C'est une belle journée
Je vais me coucher
Une si belle journée
Qui s'achève
Donne l'envie d'aimer
Mais je vais me coucher
Mordre l'éternité
A dents pleines
C'est une belle journée
Je vais me coucher
Une si belle journée
Souveraine
Donne l'envie de paix
Voir des anges à mes pieds
Mais je vais me coucher
M'faire la belle

Allongé le corps est mort
Pour des milliers
C'est un homme qui dort...
A moitié pleine est l'amphore
C'est à moitié vide
Que je la vois encore
Tout est dit puisqu'en amour
Si c'est du lourd
Si le coeur léger
Des élégies toujours
Les plaisirs, les longs, les courts
Vois-tu mon amour
Moi, j'ai le souffle court
Vois-tu

Belle
La vie est belle
Comme une aile
Qu'on ne doit froisser
Belle
La vie est belle
Et je vais là
Belle
La vie est belle
Mais la mienne
Un monde emporté
Elle, j'entre en elle
Et mortelle, va",Laurent Boutonnat,Mylène
Ghosts (How can I move on),Single,2022,"3,37","Now and then
My mind drifts to a place where I find you
Lost in my head
There are unsolved feelings that haunt me
It's too late to heal
I'll lay them to rest

How can I move on
When everyone I see still talks about you ?
How can I move on
When all the best things I have we made together ?
Here's to letting go
But I am lost in a void with your ghost and our memories
Lest we forget
The great reset

Si tu pouvais me dire
Cicatrisе
Mais mon ame n'a plus de peau

J'ai tant donnе
Pourtant je crois
A plus grand, plus fort que tout
Tu dis, c'est trop tard
Mais qu'as tu fait de moi ?

A chaque mot tu me donnes
L'envie d'aimer
Je suis
Sans vie, sans amour

A chaque mot, je pardonne
Pourtant, je dors sur la page
D'un livre, sans auteur

Tu es sous ma peau
Mais toi perdu dans le vide
Moi, fantome, la sur un fil
J'ai peur qu'on oublie
Tout ce qu'on etait

How can I sleep with this coldness beside me ?
How can I sleep with this coldness inside me ?
I know I can't bring back your love

How can I move on
When everyone I see still talks about you ?
How can I move on
When all the best things I have we made together ?
Here's to letting go
But I am lost in a void with your ghost and our memories
Lest we forget
The great reset",Matthew Bellamy,"Matthew Bellamy, Mylène"
L'amour naissant,Innamoramento,1999,"4,58","Quel monde n'a pas connu le souffle
Du néant
Ressenti l'émoi devant les ""Puissances
Du dedans"" dis
Quelle maison n'a jamais pleuré
Un enfant
Quel ange n'est tombé devant la beauté
Du couchant vois

Quel vertige s'empare de nos souffles
A présent
L'Anathème est lourd, les serments brûlants
C'est troublant, dis
Quelle est celle qui ne s'est noyée
Dans ses larmes
L'océan a froid, ma vie comme la
Fille de Ryan

Tu es l'amour naissant
Gravé sur la pierre,
Stèle des amants
Vois comme c'est lourd, c'est lent
C'est un revolver, Père
Trop puissant

Quelle Irlande voudrait oublier
Ses légendes
Je ressens l'émoi devant ses ""Puissances
Du dedans"" dis
Quel frisson de m'anéantir
Dans son ventre
L'océan a froid, ma vie comme la
Fille de Ryan

Tu es l'amour naissant
Gravé sur la pierre,
Stèle des amants
Vois comme c'est lourd, c'est lent
C'est un revolver, père
Trop puissant ",Laurent Boutonnat,Mylène
L'âme-stram-gram,Innamoramento,1999,"4,24","En moi, en moi toi que j'aime,
dis-moi, dis-moi quand ça n 'va pas,
il n'y a que ça qui nous gouverne,
dis-moi combien de fois ?

Partager mon ennui le plus Abyssal,
au premier venu qui trouvera ça banal...
J'ouïs tout ce que tu confesses,
et l'essaim scande l'ivresse
j'ouïs tous ceux que tu condamnes,
t'éreintent, te font du charme :
C'est ""l'Âme-stram-gram""

En moi, en moi toi que j'aime,
dis-moi, dis-moi quand ça n 'va pas,
il n'y a que ça qui nous gouverne,
dis-moi combien de fois...
En moi, en moi, toi que j'aime,
dis-moi, dis-moi quand ça n'va pas,
immisce et glisse l'abdomen
dans l'orifice à moi...

Des absents, un Bourdon, une oreille amie,
confidences sur divan, on se psychanalyse...
J'ouïs tout ce que tu susurres,
et l'essaim bat la mesure,
j'ouïs tes oedipes complexes,
et l'essaim se manifeste :
C'est ""l'Âme-stram-gram""...

Âme-stram-gram,
pique et pique et colégram,
bourre et bourre et ratatam,
âme-stram-gram,
pique dame,
Âme-stram-gram, pique, pique-moi dans l'âme,
bourrée bourrée de nœuds mâles,
Âme-stram-gram pique dames",Laurent Boutonnat,Mylène
Pas le temps de vivre,Innamoramento,1999,"5,17","Il est des heures où
Les ombres se dissipent
La douleur se fige
Il est des heures où
Quand l'être s'invincible
La lèpre s'incline
Mais si j'avais pu voir qu'un jour
Je serai qui tu hantes
Qu'il me faudrait là ton souffle
Pour vaincre l'incertitude
Ecrouer ma solitude

Il est des heures où
Les notes se détachent
Les larmes s'effacent
Il est des heures où
Quand la lune est si pâle
L'être se monacale
Mais je erre comme une lumière
Que le vent a éteinte
Mes nuits n'ont plus de paupières
Pour soulager une à une
Mes peurs de n'être plus qu'une

Je n'ai pas le temps de vivre
Quand s'enfuit mon équilibre
Je n'ai pas le temps de vivre
Aime-moi entre en moi
Dis-moi les mots qui rendent ivres
Dis-moi que la nuit se déguise
Tu vois je suis comme la mer
Qui se retire de n'avoir pas
Su trouver tes pas

Il est des heures où
Mes pensées sont si faibles
Un marbre sans veines
Il est des heures où
L'on est plus de ce monde
L'ombre de son ombre
Dis de quelle clef ai-je besoin
Pour rencontrer ton astre
Il me faudrait là ta main
Pour étreindre une à une
Mes peurs de n'être plus qu'une",Mylène,Mylène
Dessine-moi un mouton,Innamoramento,1999,"4,38","Quelle solitude
De mourir
Sans certitude
D'être au moins

Une particule
De vie
Un point minuscule
Utile à quelqu'un

Quelle solitude
D'ignorer
Ce que les yeux
Ne peuvent pas voir

Le monde adulte
Isolé
Un monde abrupt
Et là, je broie du noir


Dessine-moi un mouton
Le ciel est vide sans imagination
C'est ça
Dessine-moi un mouton
Redevenir l'enfant que nous étions
Dessine-moi un mouton
Le monde est triste sans imagination
C'est ça
Dessine-moi un mouton
Apprivoiser l'absurdité du Monde


Quelle solitude
De se dire
Que la morsure
Du temps n'est rien

Le rêve est bulle
De vie
Un bien majuscule
Utile au chagrin

Déconfiture
Des pépins
Mais je veux croire
En l'au-delà

Et vivre est dur
Toujours un choix
Mais je jure
Que le mMonde est à moi

Il est à moi...
Il est à moi...
Il est à moi...
Il est à moi... Le Monde


Dessine-moi un mouton
Le ciel est vide sans imagination
C'est ça
Dessine-moi un mouton
Redevenir l'enfant que nous étions
Dessine-moi un mouton
Le monde est triste sans imagination
C'est ça
Dessine-moi un mouton
Apprivoiser l'absurdité du Monde",Laurent Boutonnat,Mylène
Je te rends ton amour,Innamoramento,1999,"5,12","M'extraire du cadre
Ma vie suspendue
Je rêvais mieux
Je voyais l'âtre
Tous ces inconnus
Toi parmi eux

Toile
Fibre qui suinte
Les meurtrissures
Tu voyais l'âme
Mais j'ai vu ta main
Choisir Gauguin

Et je te rends ton amour
Redeviens les contours
Je te rends ton amour
C'est mon dernier recours
Je te rends ton amour
Au moins pour toujours
Redeviens les contours
""La femme nue debout""

M'extraire du cadre
La vie étriquée
D'une écorchée
J'ai cru la fable
D'un mortel aimé
Tu m'as trompé

Toi
Tu m'as laissé
Me compromettre
Je serai ""l'Unique""
Pour des milliers d'yeux
un nu de maître

Et je te rends ton amour
Au moins pour toujours
Je te rends ton amour
Le mien est trop lourd
Et je te rends ton amour
C'est plus flagrant le jour
Ses couleurs se sont diluées
Et je reprends mon amour
Redeviens les contours
De mon seul maître : Egon Schiele et ...",Laurent Boutonnat,Mylène
Méfie-toi,Innamoramento,1999,"5,3","Il m'a fallu l'impasse
Donner ma langue au chat
Pour contrer l'existence
I.A.O/I.A.O
Mon Q.I. est tenace
Ma patience : un état
Dompter les apparences
I.A.O/I.A.O
Les chemins sont multiples
Tout est question de choix
Au diable les proses brutales
Les colères homériques
Tout ça n'importe quoi
Il existe arme redoutable
I.A.O/I.A.O

Méfie-toi des puissances
Méfie-toi de l'aisance
Au jeu du corps à corps
L'esprit est bien plus fort
Méfie-toi des puissances
Des vierges sans défense
Leurs forces sont subtiles
La force est féminine

Et quand l'esprit, frappe
C'est un fouet qui, claque
Méfie-toi quand même
C'est la onzième, lame
Majeur est, l'arcane
Vierge Iconoclaste
Dieu, que l'icône est classe, 5.4.3.2

Il m'a fallu l'épreuve
De : c'est chacun pour soi
Avaler des couleuvres
I.A.O/I.A.O
Mon karma est tenace
On est selon ""Bouddha""
Héritier de nos actes
I.A.O/I.A.O
Les chemins sont multiples
Tout est question de choix
Et aux paroles mortifères
Mieux qu'une arithmétique
L'esprit fort est le roi
Il règne ainsi sur la matière
I.A.O/I.A.O

Méfie-toi des puissances
Méfie-toi de l'aisance
Au jeu du corps à corps
L'esprit est bien plus fort
Méfie-toi des puissances
Des vierges sans défense
Leurs forces sont subtiles
La force est féminine

Et quand l'esprit, frappe
C'est un fouet qui, claque
Méfie-toi quand même
C'est la onzième, lame
Majeur est, l'arcane
Vierge iconoclaste
Dieu, que l'icône est classe ",Mylène,Mylène
Innamoramento,Innamoramento,1999,"5,27","Toi qui n'a pas su me reconnaître
Ignorant ma vie, ce monastère, J'ai
Devant moi une porte entrouverte
Sur un peut-être,
Même s'il me faut tout recommencer

Toi qui n'as pas cru ma solitude
Ignorant ses cris, ses angles durs, J'ai
Dans le coeur un fil minuscule
Filament de lune
Qui soutient, là un diamant qui s'use...
Mais qui aime

J'n'ai pas choisi de l'être
Mais c'est là, ""l'Innamoramento""
L'amour, la mort, peut-être
Mais suspendre le temps pour un mot
Tout se dilate et cède à tout
Et c'est là, ""l'Innamoramento""
Tout son être s'impose à nous
Trouver enfin peut-être un écho

Toi qui n'a pas vu l'autre côté, de
Ma mémoires aux portes condamnées, j'ai
Tout enfoui, les trésors du passé
Les années blessées
Comprends-tu qu'il me faudra cesser...

Moi qui n'ai plus regardé le ciel, j'ai
Devant moi cette porte entrouverte, mais
L'inconnu a meurtri plus d'un coeur
Et son âme soeur,
On l'espère, on l'attend, on la fuit même
Mais on aime ",Laurent Boutonnat,Mylène
Optimistique-moi,Innamoramento,1999,"4,22","""Je me fous de tes détresses
comme de tout et du reste...""
C'est ça, le temps qui passe
""Je me fous de tes angoisses
elles m'ont nourrie mais me lassent...""
C'est ça, c'est le temps qui passe
""Je fais fi de tes ""je t'aime"",
ils sont des cris qui m'enchaînent...""
C'est ça l'amour
C'est quoi l'amour ?
""tu ne vis pas, c'est morbide""
En somme, je suis pathétique,
C'est ça l'amour
Papa n'était pas comme ça, quand...

Il disait tout bas :
""Petit bouton de rose,
aux pétales humides,
un baiser je dépose""
Optimistique-moi, Papa
Optimistique-moi, quand j'ai froid
Je me dis, tout bat
Quand rien ne s'interpose,
Qu'aussitôt, tes câlins
Cessent toute ecchymose
Optimistique-moi, Papa
Optimistique-moi, reviens-moi...

""Tu te fous de mes ténèbres
comme de tout, et comme du reste...""
C'est ça, le temps qui passe
""Fais fi des signes du ciel
seuls les faits, sont ton bréviaire...""
C'est ça le temps qui passe
Tu dis : ""assez des histoires
Ton passé est préhistoire...""
C'est ça l'amour
C'est quoi l'amour ?
Crucifie-moi Ponce Pilate
Noie-toi dans l'eau écarlate
L'amour est loin
Papa était plus malin, quand...

Il disait tout bas :
""Petit bouton de rose,
aux pétales humides,
un baiser je dépose""
Optimistique-moi, Papa
Optimistique-moi, quand j'ai froid
Je me dis, tout bat
Quand rien ne s'interpose,
Qu'aussitôt, tes câlins
Cessent toute ecchymose
Optimistique-moi, Papa
Optimistique-moi, reviens-moi...

Il disait tout bas :
""'Petit bouton de rose,
aux pétales humides,
un baiser je dépose""
Optimistique-moi, Papa
Optimistique-moi, quand j'ai froid
Je me dis, tout bat
Quand rien ne s'interpose,
Qu'aussitôt, tes câlins
Cessent toute ecchymose
Optimistique-moi, Papa
Optimistique-moi, reviens-moi...

Il disait tout bas :
""Petit bouton de rose,
aux pétales humides,
un baiser je dépose""
Optimistique-moi, Papa
Optimistique-moi, quand j'ai froid
Je me dis, tout bat
Quand rien ne s'interpose,
Qu'aussitôt, tes câlins
Cessent toute ecchymose
Optimistique-moi, Papa
Optimistique-moi, reviens-moi...",Mylène,Mylène
Serais-tu là ?,Innamoramento,1999,"4,47","Chaque mot qu'on garde
Chaque geste qu'on n'a fait,
Sont autant de larmes,
Qui invitent au regret

""Si j'avais su"" est trop tard,
Mâchoire d'une pierre tombale
Le ""j'aurais dû"", dérisoire
Sans voix, et là... j'ai un peu froid...
A chaque fois je sens l'émoi

Si j'avais la foi du monde
En cette seconde,
Serais-tu là ?
Si j'avais renoncé au monde
Et que rien ne compte
Serais-tu là ?
Si j'avais le choix : mourir
Pour t'entendre vivre,
Serais-tu là ?
Si j'avais le choix : souffrir
Sans même te le dire,
Serais-tu là ?
Je serai là
Et toi en moi

Je voudrais être Opium
Me ferais Narguilé
Particule d'Hélium
Partir tout en fumée

Quand je fais ce rêve étrange,
Et quand, pénétrant tes songes
Je deviens volute, poussière d'ange
Je songe, la faute est un poison qui ronge

Si j'avais la foi du monde
En cette seconde,
Serais-tu là ?
Si j'avais renoncé au monde
Et que rien ne compte
Serais-tu là ?
Si j'avais le choix : mourir
Pour t'entendre vivre,
Serais-tu là ?
Si j'avais le choix : souffrir
Sans même te le dire,
Serais-tu là ?
Je serai là
Et toi en moi

Et l'âme
A mal
Balade, qui
Et l'âme
A mal
Balade qui fait mal ",Mylène,Mylène
Consentement,Innamoramento,1999,"4,39","Je veux du ""Vous""
Parce-qu' entre nous, c'est lentement
C'est lent
Le songe est doux
Immensité des sentiments
A perdre haleine
Le ""Vous"" me sied, le vôtre est plaine
Apôtre j'aime quand le ""Vous"" me fait un enfant

Je veux du ""Vous""
Quand les dessous sont tutoiements
C'est lent
C'est à genoux
Que je vous vois lécher mon sang
C'est blanc
A qui la faute ?
Si le ""Tu"" a tué romance
Le ""Vous"", si j'ose
Parce-qu' entre nous c'est lentement

Vous, où ?
Et ce vol mène
Là, où c'est l'apesanteur
Vous, où ?
Deux voyelles s'aiment
Là, sous l'accord majeur
Vous, où ?
Et ce vol mène
Là, où c'est l'apesanteur
Vous, où ?
A pas de loup, j'aime
Quand vous me faîtes peur

Je veux du ""Vous""
Parce-qu' entre nous c'est lentement
C'est lent
Le ""Vous"" est vif
Le ventre gonflé de vos débordements
A qui la faute ?
Le ""Vous"" se fait suave et tendre,
A vous dirai-je
Maman, que j'aime sa présence

Vous, où ?
Et ce vol mène
Là, où c'est l'apesanteur
Vous, où ?
Deux voyelles s'aiment
Là, sous l'accord majeur
Vous, où ?
Et ce vol mène
Là, où c'est l'apesanteur
Vous, où ?
A pas de loup, j'aime
Quand vous me faîtes peur",Laurent Boutonnat,Mylène
Et si veillir m'était conté,Innamoramento,1999,"4,38","La nuit de ses doigts gantés
Image inachevée
Bientôt la lune est pleine

La nuit de ses doigts si frêles
Sculpte l'aube et le ciel
Dieu, que cette femme est belle

La nuit de ses doigts de fée
A effleuré l'image
D'un bonheur de passage

Mais j'ai vu l'être emporté
Elle n'a pas su s'aimer
Le temps a fait ses ravages

Et si vieillir m'était conté
Serais-je là pour t'aimer
D'autres nuits s'achèvent et la vie
A tout donné, tout repris...

La nuit de ses doigts de fer
A abîmé la chair
De sa rouille cruelle

Quand le temps a déposé
Son sourire familier
C'est un pas vers la poussière

Et si vieillir m'était conté
Serais-je là pour t'aimer
D'autres nuits s'achèvent et la vie
A tout donné, tout repris... ",Mylène,Mylène
Souviens-toi du jour...,Innamoramento,1999,"5,03","Quand le vent a tout dispersé
Souviens-toi
Quand la mémoire a oublié
Souviens-toi...

Souviens-toi que l'on peut tout donner
Souviens-toi que l'on peut tout briser
Et si c'est un Homme...
Si c'est un Homme
Lui parler d'amour à volonté
D'amour à volonté

Souviens-toi que l'on peut tout donner
Quand on veut, qu'on se rassemble
Souviens-toi que l'on peut tout briser
Les destins sont liés
Et si c'est un Homme...
Si c'est un Homme
Lui parler d'amour à volonté
D'amour à volonté

Le souffle à peine échappé
Les yeux sont mouillés
Et ces visages serrés
Pour une minute
Pour une éternité
Les mains se sont élevées
Les voix sont nouées
Comme une étreinte du monde
A l'unisson
A l'Homme que nous serons...

Souviens-toi que le monde a changé
Au bruit des pas qui résonnent
Souviens-toi des jours désenchantés
Aux destins muets
Et si c'est un Homme...
Si c'est un Homme
Lui parler d'amour à volonté
D'amour à volonté",Laurent Boutonnat,Mylène
Mylénium,Innamoramento,1999,"5,28",Innamoramento,Laurent Boutonnat,Mylène
Avant que l'ombre...,Avant que l'ombre...,2005,"6,01","Âpreté des sons
Tourmente des vents
Mémoire...
Qui m'oublie, qui me fuit

Jésus ! J'ai peur
Jésus ! De l'heure...
Qui me ramène
A des songes emportés,
A des mondes oubliés, oh

Jésus ! J'ai peur
De la douleur...
Des nuits de veille
Mémoire inachevée,
Qui ne sait... où elle naît

Avant que l'ombre, je sais
Ne s'abatte à mes pieds
Pour voir l'autre coté
Je sais que... je sais que... j'ai aimé
Avant que l'ombre... gênée
Ne s'abatte à mes pieds
Pour voir l'autre coté
Je sais que j'aime, je sais que j'ai...

Jésus ! J'ai peur
Oh ! Jésus ! Seigneur !
Suis-je coupable ?
Moi qui croyais mon âme
Sanctuaire impénétrable

Jésus ! J'ai peur
Jésus ! Je meurs
De brûler l'empreinte
Mais laisser le passé redevenir le passé ",Laurent Boutonnat,Mylène
Fuck Them All,Avant que l'ombre...,2005,"4,37","La nature est changeante
L'on respire comme ils mentent
De façon ravageuse
La nature est tueuse
Au temps des ""Favorites""
Autant de réussites
Pour l'homme qui derrière a...
Une ""Belle"" qui s'affaire... à

Faire... de leur vie un empire
Blood and tears !
Faire l'amour à Marie
Blood and tears !
Et ""Marie"" est martyre
Blood and tears
Sur le mur nos soupirs !

Fuck them all !
Faites l'amour
Nous la guerre
Nos vies à l'envers
Fuck them all !
Faites l'amour
Nous la guerre
Saigner : notre enfer !

Fuck Them All !
Faites l'amour
Nous la guerre
Nos vies à l'envers
Blood and soul
Faites-le nous !
Dans le texte
Le sang c’est le sexe


De nature innocente
L'on manie élégance
Et d’une main experte
D'un glaive l'on transperce
Les discours trop prolixes
Que de la rhétorique
Lâchetés familières
Qui nous rendent guerrières


Hey Bitch, you're not on the list
You Witch ! You suck, you bitch ! (they said)
Hey Bitch, you're not on the list
You Witch ! You suck, you bitch ! (they said)
Hey Bitch, you're not on the list
What's your name again ?
Hey Bitch, you're not on the list
You Witch ! You suck, you bitch !
Hey Bitch, you're not on the list
Hey Bitch, you're not on the list
You Bitch, you're not on the list
You Witch ! You suck, you bitch !",Laurent Boutonnat,Mylène
Dans les rues de Londres,Avant que l'ombre...,2005,"3,56","Réduire la vie à...
Des formules indécises
C'est bien impossible, elle
Tu vois, se nuance à l'infini
C'est comme une lettre
Qui s'est écrite à l'envers...
Coule dans ma tête
Un monde fou qui veut naître

Mais tu sais, son âme est belle
Dans les rues de Londres
J'ai puisé plus de lumière
Qu'il n'en faut pour voir...
Dieu a des projets pour elle
Et les rues de Londres
Souffleront sur des mystères
D'une autre fois...
Virginia

Je remets ma vie à...
Un plus tard abandonné
Pour simplement vivre
Tenter d'a...tteindre une humanité
Des lambeaux de terre
Me regardaient disparaître
Et, parmi les pierres
Je vivais et j'espérais, tu sais

Mais tu sais, son âme est belle
Dans les rues de Londres
J'ai puisé plus de lumière
Qu'il n'en faut pour voir...
Dieu a des projets pour elle
Et les rues de Londres
Souffleront sur des mystères
D'une autre fois...
Virginia

Mais tu sais, son âme est belle
Dans les rues de Londres
J'ai puisé plus de lumière
Qu'il n'en faut pour voir...
Dieu a des projets pour elle
Et les rues de Londres
Souffleront sur des mystères
D'une autre fois...
Virginia

Mais tu sais, son âme est belle
Dans les rues de Londres
J'ai puisé plus de lumières
Qu'il n'en faut pour voir...
Dieu a des projets pour elle
Et les rues de Londres
Souffleront sur des mystères
D'une autre fois...
Pas cette fois...",Laurent Boutonnat,Mylène
Q.I,Avant que l'ombre...,2005,"5,25","Même si j'en ai vu des culs
C'est son Q.I qui m'a plu
Je vis le choc de cul...ture
La belle aventure

Même si je suis dans son lit
C'est son Q.I qui me lie
À lui pour la vie entière
Bien que solitaire

Et moi j'en ai vu des culs
Mais c'est son ""Q.I"" qui eut
Le dernier mot pour m'avoir
Là, sur le plongeoir

Bien sûr j'en ai vu des cons
Mais son Q.I me rend com-
-plètement occise de désir
Quitte à en mourir

Sa bouche est sanctuaire
La plus sacrée des prières
S'alanguir est pour moi
Le pire des effrois, c'est froid

Sa bouche est sanctuaire
Le plus sacré des mystères
Il est l'ange pour moi
Je lui dis tout bas...

Qu'il a les rondeurs d'un ""Rodin""
J'aime ! Ça m'incite à...
Il sait la douceur de mes reins
Qui oscillent...
Il sent la tiédeur de mes mains
J'aime ! Ça l'incite à...
Longue est la route de nos plaisirs...
...sémantiques !

Même si j'en ai vu des cas
Son Q.I moi, me rend coi...
Devant telle érudition
Langue morte, non !

Et quand je suis dans son lit
C'est son Q.I qui me lit
La physique des quantas
Quant-à-moi, je crois que...

Sa bouche est sanctuaire
La plus sacrée des prières
S'alanguir est pour moi
Le pire des effrois, c'est froid

Sa bouche est sanctuaire
Le plus sacré des mystères
Il est l'ange pour moi
Je lui dis tout bas...

Ton Q.I, mon cul est, ton Q.I
C.Q.F.D. ",Laurent Boutonnat,Mylène
Redonne-moi,Avant que l'ombre...,2005,"4,29","Comme un fantôme qui se promène
Et l'âme alourdie de ses chaînes
Réussir sa vie
Quand d'autres l'ont meurtrie, et
Réussir sa vie, même si...
Comprendre ne guérit... pas
Et ce fantôme se promène
Là, sous l'apparence gît le blème
Murmure des flots...
L'onde à demi-mot
Me...
Murmure que l'on doit parfois
Retrouver une trace... de soi

Comme un fantôme qui se démène
Dans l'aube abîmée sans épiderme
Et nul n'a compris
Qu'on l'étreint à demi et...
Et nul n'a surpris son cri :
Recommencer sa vie,
Aussi,

Redonne-moi,
Redonne-moi l'autre bout de moi
Débris de rêves, le verre se fêle
Redonne-moi la mémoire de ma...
Peut être sève ? Peut être fièvre ?
Redonne-moi pour une autre fois
Le goût de vivre, un équilibre
Redonne-moi l'amour et le choix
Tout ce qui fait qu'on est roi",Laurent Boutonnat,Mylène
Porno graphique,Avant que l'ombre...,2005,"4,2","Mon coeur est rempli,
Mais mon corps s'ennuie
Tes jeux délibérés avec un dé,
Des dés pipés, des dés pipés,
des dés pipés

Je veux savoir où naît le vent
J'ai l'âme inerte en même temps
Il y a de l'uniformité partout
De la pensée en boîte et c'est
bien tout !

Mon coeur est rempli,
Mais mon corps s'ennuie
Je t'ai montré mon arrière-train
Mon céans, mon céans, mon céans
L'océan

Et quand ma langue se délie...
C'est l'éloquence de mes silences
Là, sur ton orifice ami...
Je m'immisce dans ta pénombre,
Et, là, je fais le tour du monde

Mon coeur est rempli,
Mais mon corps s'ennuie
Les poupées qui disent ""oui
et non""

Qu'on écu de la même...
Façon, je dis non, je dis non,
je dis non, je dis non,
je dis non !
Je dis non !

Je dis qu'il n'y a pas d'porno chic
Mais bien que des porcs au sens
strict
Primo, deuxio, tertio, c'est le chaos
J'ai bien le coeur sur le bord du
billot

Mon corps se rempli
Mais mon coeur aussi
Et plus le corps est entravé
Plus l'esprit est ""libre"", est ""libre"",
est ""libre"",

Mon coeur est rempli
Mais mon coeur s'ennuie
Et plus le corps est entravé
Plus l'esprit est ""libre"", est ""libre"",
est ""libre""... T'as pas un petit Mojito ?",Laurent Boutonnat,Mylène
Derrière les fenêtres,Avant que l'ombre...,2005,"4,09","La lumière est invisible
A nos yeux""
C'est ce qu'ils disent en silence
Quand ils sont deux...

Hommes et femmes de pierre
Aux destins sans gloire
Mal étreints, trop fiers
J'entends...
L'absence d'eux...

Derrière les fenêtres
Des vies, longtemps, se perdent
Derrière les fenêtres
J'envie des mondes
Qui ressemblent aux songes
Derrière les carreaux
Tombent en lambeaux des êtres
Derrières les pâleurs, on sait qu'un
Coeur va naître ou disparaître

Silhouettes exquises
J'imaginais vos cernes
Des amants qui sont tranquilles
A leurs fenêtres

Hommes et femmes dignes
Je voudrais rencontrer vos ombres
Parler à vos âmes
Qui plongent
Et qui se signent ",Laurent Boutonnat,Mylène
Aime,Avant que l'ombre...,2005,"4,16","Souvenir de nos
Fiançailles
En bataille
Souvenir des mots
Flux de taille !
Un feu de failles

Souvenirs d'émois de mai
Qui affolaient
Tous les sols... et
Soutenir le monde ""aimer""
A la force de nos poignets... d'amour

Aime
Tous les maux sont les mêmes
Quand on aime
Du pareil au blême
Aime la lie, l'anamour
Quoi de mieux quand on saigne
Moi j'aime... les ""je"" de l'amour
Qu'il pleuve ou qu'il vienne

Souvenirs de Palerme
Qui s'élèvent
Dans le ciel
Souvenir d'un soleil
Un seul être
Me pénètre

Sous réflex, je pose à nue
Je suis surex
Rien ne m'ex...
...pose plus qu'à l'inconnu
Je lui demande si l'amour est tendre ",Laurent Boutonnat,Mylène
Tous ces combats,Avant que l'ombre...,2005,"4,04","Être aussi simple
Aussi muet
Que tout le blé qui pousse au vent d'aimer
Simplement être...
La vie nous blesse
Elle nous assèche
J'attends que quelque chose fonde en moi
J'attends tout... ""d'être""

Tous ces combats
Qui brisent insouciance
Mordent l'existence,
J'ai la mélancholia
Qui rend l'âme à nue
Qui me constitue
Tous ces combats
Alors que la rage
Que tout fait naufrage
J'ai dans mon autre moi
Un désir d'aimer
Comme un bouclier

Aux jours livides
Qui semblent me dire :
""je voudrais t'immerger dans un silence""
Je crains qu'ils dansent !
Beauté du doute
Oser un souffle
""Vivre"" est ce qu'il y a des plus rare au monde
Pourtant les ombres.",Laurent Boutonnat,Mylène
"Ange, parle-moi",Avant que l'ombre...,2005,"3,48","L'ange, parle-moi !
Le plus vaste des cœurs se brise
Parle-moi !
L'hiver pourvu qu'on le cultive
Dans cette pièce,
Nul semble respirer,
Ici, c'est un...
Abri qui m'a été donné !

Don't let me die, l'ange
Don't let me die, l'archange
Tu sais le temps qu'il faut pour apaiser
Nos peines
Don't let me die,
Et dis encore je t'aime

Parle-moi !
Pourquoi cette couleur trompeuse ?
Ange, parle-moi !
De voir qu'en lui, ils étaient deux
Je sais ce que
Mentir veut dire pour moi,
Tu sais,
Dieu a rompu
Son pacte avec cet étranger !

Parle-moi, parle-moi
Dis-moi si tu es là ?
Ange, parle-moi, parle-moi
Dis-moi si tu es là ?",Laurent Boutonnat,Mylène
L'amour n'est rien...,Avant que l'ombre...,2005,"5,08","Obsédée du pire
Et pas très prolixe
Mes moindres soupirs
Se métaphysiquent...
J'ai dans mon ciel
Des tonnes de célestes
M'accroche aux ailes...
Et tombe l'ange Gabriel!

Obsédée du pire
Un peu trop physique...
L'envie de frémir
Est pharaonique !
...fi de l'ascèse !
Ma vie s'enténèbre
Moi sans la langue
Sans sexe je m'exsangue !

L'amour, c'est rien !
Quand c'est politiquement correct
On s'aime bien,
On n' sait même pas quand on se blesse
L'amour c'est rien
Quand tout est sexuellement correct
On s'ennuie bien
On crie avant pour qu' ça s'arrête

La vie n'est rien...
Quand elle est tiède !
Elle se consume et vous bascule
Le sang en cendre de cigarette
La vie est bien...
Elle est de miel !
Quand elle s'acide de dynamite
Qui m'aime me suive!

Obsédée du pire
Et pas très prolixe
Mes moindres soupirs
Se métaphysiquent...
J'ai dans la tête
Des tonnes de pirouettes
Le saut de l'ange
n'a pour moi rien d'étrange

Obsédée du pire
Et pas très prolixe
Partager mes rires
Plutôt plutoniques
J'ai dans ma sphère
Un effet de serre
Mon sang bouillonne
Je bout de tout, en somme","Laurent Boutonnat, Mylène",Mylène
J'attends,Avant que l'ombre...,2005,"5,23","Parfois avec le coeur, les larmes
Bien peu aiment vraiment !
Si peu souvent avec l'âme
C'est que peu aiment vraiment
Amour à moi,
Je ferme les yeux
Sur les dernières nuits
Qui nous séparent. Qui nous unit ?
Je serre de mon mieux
Du plus que je puis
Un amour qui m'a... envahi

J'attends
Que le coeur l'emporte
J'attends qu'il frappe à ma porte,
J'attends tout...
L'amour est au bout
Tout...
Est bien en nous
J'attends
Près d'un mur de lierre.

Passer à coté de sa vie
Se mentir des vies durant,
T'aimer parce que c'est aujourd'hui
C'est ce qui compte vraiment
Amour à moi
Viens, ferme les yeux
Sur nos premières nuits
Rien ne nous sépare, tu m'as dit :
""Je serre de mon mieux
Du plus que je puis
Je t'étreins pour deux, tu es ma vie"". ",Laurent Boutonnat,Mylène
Peut-être toi,Avant que l'ombre...,2005,"4,55","Si par mégarde
La faute est mienne
Alors... renie-moi... là
Simplement sache bien
Que saigne
Ce coeur qui bat pour... toi
Et quand l'absence désincarne...
Et hante l'univers
Je n'avais plus qu'à trouver l'âme
Et retrouver peut-être...

Peut-être toi
Peut-être toi
Regarde-moi
Nulle autre n'a...
L'envie de toi
Comme j'ai besoin de toi

Parce que c'est toi
Parce que c'est moi
Regarde-moi
Nulle autre n'a...
L'envie de toi
Comme j'ai besoin de toi

Si nos matins
Semblent poussière
Alors renie-moi ... là
Simplement je n'aurais
Su taire
Le bruit qui est en... toi
Quand la présence d'un vent calme
Entrouvre l'univers
Mon inquiétude d'amour cache
Une envie de bonheur ",Laurent Boutonnat,Mylène
Et pourtant...,Avant que l'ombre...,2005,"4,41","Quand les songes
M'ont réveillée
Quand on n'ose pas
Crier

Quelque chose au bout du moi
Qui me fait mal
Mais tes lèvres ont fait de moi
Un éclat... de toi

Et pourtant
Le jour s'est couché
Pour éteindre le monde
Et pourtant
L'amour est court
D'innocent,
J'entrevoyais le chemin
Qui mène à l'ombre
Et pourtant
L'amour toujours

Si les roses
Etaient si belles... fleuries
Rien de grave
Elles n'ont pas su... l'épine

L'improbable silhouette
Qui s'avance
Imprévue dans ce silence
Qui guette une absence

Là, pourtant
Le jour s'est levé
Pour éclairer le monde
Comme avant
L'amour est onde
D'innocent,
J'entrevoyais le chemin
Qui mène aux ombres
Et pourtant
L'amour est comble",Laurent Boutonnat,Mylène
Nobody knows,Avant que l'ombre...,2005,"4,41","L'aube a bu sa transparence
Nobody knows
""Ghost"" elle est infiniment
Nobody knows

Nobody knows
Nobody knows
Nobody knows
Nobody knows
Nobody knows
Nobody knows

L'aube a su la lune entendre
Nobody knows
Nulle vie, nul ressentiment
Nobody knows

Nobody knows
Nobody knows
Nobody knows
Nobody knows
Nobody knows
Nobody knows",Laurent Boutonnat,Mylène